date,EE,LT,LV,AT,BE,FR,GER,NL,PL,DK1,DK2,FI,NO1,NO2,NO3,NO4,NO5,SE1,SE2,SE3,SE4
2025-08-30 12:00:00,85.5,85.5,85.5,68.29,85.5,8.97,46.22,85.5,46.22,85.5,85.5,85.5,85.5,85.5,15.76,-4.38,15.76,24.03,85.5,85.5,85.5
2025-08-30 12:15:00,60.73,60.73,60.73,50.41,60.73,5.0,23.0,60.73,38.94,60.73,60.73,60.73,60.73,99.82,60.73,-4.39,25.37,54.78,60.73,60.73,60.73
2025-08-30 12:30:00,44.8,44.8,44.8,44.07,44.8,5.0,5.77,44.8,34.1,44.8,44.8,44.8,44.8,99.64,44.8,-4.39,25.37,44.8,44.8,44.8,44.8
2025-08-30 12:45:00,35.13,35.13,35.13,40.63,35.13,5.0,5.0,35.13,51.11,35.13,35.13,35.13,35.13,111.68,35.13,-23.33,25.37,35.13,35.13,35.13,35.13
2025-08-30 13:00:00,53.31,53.31,53.31,67.18,53.31,25.02,25.02,53.31,78.4,53.31,53.31,53.31,53.31,53.31,53.31,26.08,27.96,26.08,53.31,53.31,53.31
2025-08-30 13:15:00,37.31,37.31,37.31,42.5,37.31,14.5,14.5,37.31,29.21,37.31,37.31,37.31,37.31,37.31,37.31,27.1,35.93,27.1,37.31,37.31,37.31
2025-08-30 13:30:00,36.22,36.22,36.22,38.82,7.22,4.31,4.31,7.22,55.06,20.22,20.22,36.22,20.22,20.22,20.22,20.22,20.22,20.22,20.22,20.22,20.22
2025-08-30 13:45:00,36.89,36.89,36.89,32.37,5.0,5.0,5.0,5.0,32.89,21.56,21.56,36.89,21.56,21.56,21.56,3.69,21.56,20.9,21.56,21.56,21.56
2025-08-30 14:00:00,39.38,39.38,39.38,21.69,7.03,7.03,7.03,7.03,92.52,24.01,24.01,39.38,24.01,24.01,24.01,1.52,24.01,18.37,24.01,24.01,24.01
2025-08-30 14:15:00,47.11,47.11,47.11,25.39,5.0,5.0,5.0,5.0,5.0,21.14,21.14,47.11,21.14,21.14,21.14,1.58,21.14,18.32,21.14,21.14,21.14
2025-08-30 14:30:00,46.5,46.5,46.5,60.5,8.77,8.77,8.77,8.77,25.18,19.21,19.21,46.5,19.21,19.21,19.21,1.54,19.21,18.32,19.21,19.21,19.21
2025-08-30 14:45:00,46.44,46.44,46.44,64.5,10.56,10.56,10.56,10.56,31.34,34.99,34.99,46.44,34.99,34.99,34.99,-23.38,34.99,18.32,34.99,34.99,34.99
2025-08-30 15:00:00,75.25,75.25,75.25,17.82,0.0,0.0,0.0,0.0,81.35,32.82,32.82,75.25,32.82,32.82,32.82,1.41,32.82,1.41,32.82,32.82,32.82
2025-08-30 15:15:00,75.24,75.24,75.24,26.82,1.94,0.65,1.94,1.94,72.62,10.8,10.8,75.24,24.77,24.77,24.77,1.44,24.77,1.44,10.8,10.8,10.8
2025-08-30 15:30:00,85.5,85.5,85.5,40.5,16.01,0.65,16.01,16.01,90.17,32.22,32.22,85.5,32.22,32.22,32.22,-0.16,32.22,-0.16,32.22,32.22,32.22
2025-08-30 15:45:00,91.3,91.3,91.3,76.98,36.0,0.65,36.0,36.0,115.85,36.0,91.3,91.3,91.3,36.0,35.58,-0.19,35.58,-0.19,35.58,91.3,91.3
2025-08-30 16:00:00,72.17,72.17,72.17,36.59,0.0,0.0,0.0,0.0,80.0,0.0,9.91,72.17,57.35,46.83,26.86,9.91,46.83,9.91,9.91,9.91,9.91
2025-08-30 16:15:00,72.04,72.04,72.04,43.05,12.0,0.65,12.0,12.0,75.0,12.0,29.91,72.04,65.24,42.4,29.91,-23.78,42.4,29.91,29.91,29.91,29.91
2025-08-30 16:30:00,97.48,97.48,97.48,97.48,15.71,0.65,47.23,15.71,97.48,47.23,97.48,97.48,97.48,47.23,23.91,-23.78,47.23,32.17,32.17,97.48,97.48
2025-08-30 16:45:00,106.09,106.09,106.09,106.09,60.37,0.87,72.0,60.37,107.75,72.0,106.09,106.09,106.09,72.0,23.91,-23.83,50.36,45.09,45.09,106.09,106.09
2025-08-30 17:00:00,98.88,98.88,98.88,43.55,37.79,0.65,37.79,37.79,74.05,37.79,37.79,98.88,37.79,37.79,-12.5,-12.5,37.79,37.79,37.79,37.79,37.79
2025-08-30 17:15:00,112.6,112.6,112.6,71.37,71.37,0.85,71.37,71.37,88.1,71.37,71.37,112.6,71.37,71.37,2.1,2.1,60.33,71.37,71.37,71.37,71.37
2025-08-30 17:30:00,112.65,112.65,112.65,103.99,103.99,3.52,103.99,103.99,103.99,103.99,103.99,112.65,103.99,103.99,2.1,2.1,60.33,77.3,77.3,103.99,103.99
2025-08-30 17:45:00,128.73,128.73,128.73,124.45,124.45,6.93,124.45,124.45,128.73,124.45,124.45,128.73,124.45,124.45,2.1,2.1,60.33,78.37,78.37,124.45,124.45
2025-08-30 18:00:00,72.48,72.48,72.48,72.48,3.84,3.84,72.48,72.48,72.48,72.48,72.48,72.48,72.48,72.48,2.3,2.3,62.74,72.48,72.48,72.48,72.48
2025-08-30 18:15:00,91.46,91.46,91.46,97.5,14.0,14.0,91.46,91.46,91.46,91.46,91.46,91.46,81.16,91.46,2.31,2.31,62.74,91.46,91.46,91.46,91.46
2025-08-30 18:30:00,118.31,118.31,118.31,118.31,91.5,30.0,118.31,118.31,118.31,118.31,118.31,118.31,81.16,82.32,2.97,2.97,62.74,100.05,100.05,118.31,118.31
2025-08-30 18:45:00,150.37,150.37,150.37,150.37,103.34,68.16,150.37,150.37,150.37,150.37,150.37,106.15,81.16,82.32,2.97,2.97,62.74,100.05,100.05,106.15,150.37
2025-08-30 19:00:00,97.9,97.9,97.9,97.9,47.4,21.17,97.9,69.77,97.9,97.9,97.9,97.9,69.77,69.77,37.01,4.4,62.99,74.82,97.9,97.9,97.9
2025-08-30 19:15:00,108.2,108.2,108.2,108.2,78.2,40.0,108.2,108.2,108.2,108.2,108.2,101.15,77.5,108.2,37.01,4.4,61.47,72.78,101.25,101.25,108.2
2025-08-30 19:30:00,140.0,140.0,140.0,140.0,107.22,57.97,140.0,140.0,140.0,140.0,140.0,101.15,77.5,84.79,37.01,4.4,61.47,74.82,104.8,116.81,130.73
2025-08-30 19:45:00,175.68,175.68,175.68,175.68,146.39,81.91,175.68,175.68,167.45,175.68,175.68,71.73,77.5,84.79,37.01,4.4,61.47,71.73,83.93,116.8,165.53
2025-08-30 20:00:00,189.14,189.14,189.14,189.14,127.56,29.93,189.14,189.14,169.95,189.14,189.14,97.79,104.06,104.06,25.21,6.82,62.02,6.82,44.65,91.21,134.98
2025-08-30 20:15:00,133.67,133.67,133.67,133.67,91.52,62.4,133.67,133.67,133.67,133.67,133.67,97.76,107.47,133.67,25.21,6.82,62.02,6.82,44.7,91.21,133.67
2025-08-30 20:30:00,118.75,118.75,118.75,118.75,76.7,76.7,118.75,118.75,118.75,118.75,118.75,97.72,113.06,118.75,25.21,6.84,62.02,6.84,26.91,113.06,118.75
2025-08-30 20:45:00,107.84,107.84,107.84,107.84,90.62,90.62,107.84,107.84,107.84,107.84,107.84,96.72,83.08,107.84,26.06,6.87,62.02,6.87,26.06,83.08,107.84
2025-08-30 21:00:00,136.0,136.0,136.0,136.0,83.61,77.75,136.0,136.0,136.0,136.0,136.0,109.59,116.85,136.0,25.0,3.07,60.97,23.19,23.19,116.85,136.0
2025-08-30 21:15:00,113.56,113.56,113.56,113.56,79.1,41.43,113.56,113.56,113.56,113.56,113.56,77.63,110.9,113.56,25.0,3.07,60.97,23.14,23.14,110.9,113.56
2025-08-30 21:30:00,100.03,100.03,100.03,100.03,76.16,76.16,100.03,100.03,100.03,100.03,100.03,73.02,100.03,100.03,25.0,3.07,60.97,19.3,19.3,79.65,90.11
2025-08-30 21:45:00,104.45,104.45,104.45,104.45,3.62,3.62,104.45,104.45,104.45,104.45,104.45,68.42,83.05,104.45,25.0,3.07,60.97,15.2,15.2,69.38,69.38
2025-08-30 22:00:00,113.85,113.85,113.85,113.85,93.32,44.61,113.85,113.85,116.19,113.85,113.85,100.19,109.75,113.85,25.31,-2.12,60.92,25.31,25.31,109.75,113.85
2025-08-30 22:15:00,105.03,105.03,105.03,105.03,55.29,29.43,105.03,105.03,105.03,105.03,105.03,100.19,105.03,105.03,23.91,-5.52,60.92,17.71,17.71,105.03,105.03
2025-08-30 22:30:00,98.08,98.08,98.08,98.08,68.65,68.65,98.08,98.08,98.08,98.08,98.08,98.08,98.08,98.08,23.91,-5.47,60.92,17.71,17.71,94.06,94.06
2025-08-30 22:45:00,87.68,87.68,87.68,87.68,51.5,51.5,87.68,87.68,87.68,87.68,87.68,87.68,87.68,87.68,23.91,-5.47,60.92,17.17,17.17,66.44,66.44
2025-08-30 23:00:00,105.12,105.12,105.12,105.12,69.63,69.63,105.12,105.12,105.12,105.12,105.12,76.67,82.99,105.12,22.46,3.08,60.2,15.94,15.94,82.99,105.12
2025-08-30 23:15:00,93.68,93.68,93.68,93.68,36.36,36.36,93.68,87.28,93.68,87.39,93.68,77.72,82.99,87.28,22.46,3.08,60.2,18.86,18.86,82.99,93.68
2025-08-30 23:30:00,77.83,77.83,77.83,77.83,36.2,36.2,77.83,77.83,77.83,77.83,77.83,77.72,77.83,77.83,22.46,3.08,60.2,18.85,18.85,77.83,77.83
2025-08-30 23:45:00,59.86,59.86,59.86,59.86,37.81,37.81,59.86,59.86,59.86,59.86,243.47,77.75,82.95,82.95,22.45,3.08,60.2,15.94,15.94,75.1,75.1
2025-08-31 12:00:00,170.49,170.49,170.49,-3.27,-1.21,-1.21,-1.26,-1.21,46.04,-1.21,5.94,170.49,9.47,9.47,5.94,5.94,9.47,5.94,5.94,5.94,5.94
2025-08-31 12:15:00,97.08,97.08,97.08,-5.25,-3.0,-3.0,-3.64,-3.0,46.04,0.85,5.01,97.08,9.54,9.54,5.01,5.01,9.54,5.01,5.01,5.01,5.01
2025-08-31 12:30:00,97.08,97.08,97.08,8.35,-3.49,-3.49,-7.67,-3.49,46.04,0.85,5.0,97.08,29.76,29.76,5.0,5.0,29.76,5.0,5.0,5.0,5.0
2025-08-31 12:45:00,95.35,95.35,95.35,3.77,-4.7,-4.7,-12.3,-4.7,46.04,0.85,4.35,95.35,29.76,29.76,4.35,4.35,29.76,4.35,4.35,4.35,4.35
2025-08-31 13:00:00,172.17,172.17,172.17,3.25,-3.44,-3.44,-11.96,-3.44,74.98,-3.44,6.01,172.17,32.09,32.09,6.01,6.01,32.09,6.01,6.01,6.01,6.01
2025-08-31 13:15:00,106.64,106.64,106.64,6.7,-4.99,-4.99,-8.0,-4.99,66.51,-1.89,6.0,106.64,32.76,32.76,6.0,6.0,32.76,6.0,6.0,6.0,6.0
2025-08-31 13:30:00,106.64,106.64,106.64,8.46,-4.99,-4.99,-8.93,-4.99,35.09,-1.89,6.0,106.64,21.15,21.15,6.0,6.0,21.15,6.0,6.0,6.0,6.0
2025-08-31 13:45:00,106.64,106.64,106.64,8.72,-6.0,-6.0,-6.0,-6.0,31.42,-1.89,5.63,106.64,21.15,21.15,5.63,5.63,21.15,5.63,5.63,5.63,5.63
2025-08-31 14:00:00,187.7,187.7,187.7,-13.99,-6.0,-6.0,-13.99,-6.0,52.83,-6.0,-6.0,187.7,26.91,33.34,8.83,8.83,24.6,8.83,8.83,8.83,8.83
2025-08-31 14:15:00,106.64,106.64,106.64,4.99,-3.7,-3.7,-11.71,-3.7,58.71,-3.7,8.83,106.64,26.91,33.34,8.83,8.83,24.6,8.83,8.83,8.83,8.83
2025-08-31 14:30:00,116.23,116.23,116.23,5.0,-1.85,-1.85,-1.85,-1.85,78.64,-1.85,8.8,116.23,26.91,63.57,8.8,8.8,24.6,8.8,8.8,8.8,8.8
2025-08-31 14:45:00,116.23,116.23,116.23,5.0,-0.45,-0.45,-0.45,-0.45,89.82,8.87,8.87,116.23,26.91,63.57,8.7,8.7,24.6,8.87,8.87,8.87,8.87
2025-08-31 15:00:00,146.83,146.83,146.83,-10.99,-10.99,-10.99,-10.99,-10.99,72.98,-10.99,8.24,146.83,45.56,45.56,16.19,8.24,45.56,8.24,8.24,8.24,8.24
2025-08-31 15:15:00,163.37,163.37,163.37,-4.99,-4.99,-4.99,-4.99,-4.99,89.3,-4.99,10.57,163.37,45.56,45.56,10.57,10.57,45.56,10.57,10.57,10.57,10.57
2025-08-31 15:30:00,180.05,180.05,180.05,0.0,0.0,0.0,0.0,0.0,99.96,0.0,10.58,180.05,25.03,18.47,18.47,10.58,18.47,10.58,10.58,10.58,10.58
2025-08-31 15:45:00,132.37,132.37,132.37,13.94,13.94,13.94,13.94,13.94,105.53,48.15,55.1,132.37,55.1,48.15,16.19,10.58,48.15,10.58,10.58,55.1,55.1
2025-08-31 16:00:00,109.49,109.49,109.49,-9.87,-9.87,-9.87,-9.87,-9.87,113.31,-9.87,-9.87,109.49,56.09,-9.87,-9.87,-9.87,-9.87,-9.87,-9.87,-9.87,-9.87
2025-08-31 16:15:00,146.83,146.83,146.83,-0.36,-0.36,-0.36,-0.36,-0.36,107.2,-0.36,-0.36,146.83,56.09,-0.36,-0.36,-0.36,-0.36,-0.36,-0.36,-0.36,-0.36
2025-08-31 16:30:00,133.53,133.53,133.53,40.53,21.51,21.51,40.53,40.53,121.73,40.53,40.53,133.53,56.09,40.53,23.32,23.32,40.53,24.97,24.97,40.53,40.53
2025-08-31 16:45:00,98.99,98.99,98.99,68.77,28.73,28.73,68.77,68.77,139.82,68.77,73.3,98.99,73.3,73.3,9.3,9.3,35.54,24.95,24.95,73.3,73.3
2025-08-31 17:00:00,141.83,141.83,141.83,31.14,-7.09,-7.09,31.14,31.14,116.44,31.14,26.6,141.83,26.6,26.6,13.29,13.29,26.6,13.29,26.6,26.6,26.6
2025-08-31 17:15:00,145.08,145.08,145.08,65.68,50.6,16.08,65.68,65.68,65.68,65.68,65.68,145.08,65.68,65.68,13.0,13.0,65.68,43.82,43.82,65.68,65.68
2025-08-31 17:30:00,165.21,165.21,165.21,93.35,64.59,26.01,93.35,93.35,155.84,93.35,93.35,165.21,93.35,93.35,13.0,13.0,93.35,43.84,43.84,93.35,93.35
2025-08-31 17:45:00,177.92,177.92,177.92,110.87,77.9,40.2,110.87,110.87,190.04,110.87,110.87,177.92,98.09,98.09,13.0,13.0,98.09,43.87,43.87,98.09,110.87
2025-08-31 18:00:00,159.2,159.2,159.2,74.08,24.56,24.56,74.08,74.08,74.08,74.08,74.08,159.2,67.91,74.08,21.74,17.17,39.19,17.17,38.99,74.08,74.08
2025-08-31 18:15:00,156.6,156.6,156.6,95.0,56.83,-0.1,95.0,95.0,95.0,95.0,95.0,156.6,67.91,81.55,24.0,24.0,39.19,24.0,35.64,95.0,95.0
2025-08-31 18:30:00,159.23,159.23,159.23,141.06,74.49,39.3,109.03,109.03,141.06,109.03,109.03,159.23,73.8,73.8,24.99,24.99,39.19,35.78,35.78,109.03,109.03
2025-08-31 18:45:00,159.21,159.21,159.21,153.82,129.21,52.24,129.33,129.33,153.82,129.33,129.33,159.21,73.8,78.56,27.45,27.45,39.19,35.73,35.73,129.33,129.33
2025-08-31 19:00:00,150.89,150.89,150.89,125.94,34.43,34.43,106.0,106.0,125.94,106.0,106.0,150.89,77.39,77.39,24.84,24.1,42.66,24.1,24.1,106.0,106.0
2025-08-31 19:15:00,172.67,172.67,172.67,135.99,67.01,63.41,113.88,113.88,135.99,113.88,113.88,172.67,77.5,83.75,24.79,20.0,42.66,20.0,20.0,113.88,113.88
2025-08-31 19:30:00,156.05,156.05,156.05,156.05,110.68,59.64,123.99,123.99,156.05,123.99,123.99,156.05,77.5,77.52,24.79,20.0,42.66,20.0,20.0,123.99,123.99
2025-08-31 19:45:00,169.0,169.0,169.0,169.0,141.85,82.04,141.85,141.85,169.0,141.85,141.85,169.0,77.5,85.19,24.79,18.01,42.66,18.01,18.01,141.85,141.85
2025-08-31 20:00:00,144.25,144.25,144.25,136.0,87.2,29.77,136.0,136.0,144.25,136.0,136.0,144.25,91.75,91.75,20.6,20.6,41.04,20.6,20.6,116.94,136.0
2025-08-31 20:15:00,171.53,171.53,171.53,123.01,88.6,61.07,123.01,123.01,148.78,123.01,123.01,171.53,91.72,91.72,19.94,19.94,41.04,19.94,19.94,123.01,123.01
2025-08-31 20:30:00,168.37,168.37,168.37,116.11,102.77,73.05,116.11,116.11,143.21,116.11,116.11,168.37,91.75,91.75,19.8,19.39,41.04,19.39,19.39,110.09,116.11
2025-08-31 20:45:00,137.83,137.83,137.83,109.0,109.0,75.4,109.0,109.0,132.33,109.0,109.0,137.83,91.73,91.73,19.8,19.39,41.04,19.39,19.39,109.0,109.0
2025-08-31 21:00:00,200.0,200.0,200.0,122.0,98.82,66.97,122.0,122.0,122.0,122.0,122.0,200.0,91.95,91.95,27.94,14.31,40.88,-15.51,14.31,112.6,122.0
2025-08-31 21:15:00,150.45,150.45,150.45,109.19,106.28,75.4,109.19,109.19,109.19,109.19,109.19,150.45,91.87,91.87,24.44,13.1,40.88,-15.51,13.1,100.07,109.19
2025-08-31 21:30:00,150.45,150.45,150.45,106.71,92.49,75.64,96.81,96.81,106.71,96.81,96.81,150.45,91.88,91.88,24.44,6.75,40.88,-18.77,6.75,96.81,96.81
2025-08-31 21:45:00,150.45,150.45,150.45,92.0,78.41,74.86,92.0,92.0,92.0,92.0,92.0,150.45,89.91,89.91,24.44,6.4,40.88,-18.77,6.4,89.91,92.0
2025-08-31 22:00:00,136.41,136.41,136.41,116.0,116.0,72.4,116.0,116.0,111.15,116.0,116.0,136.41,87.15,87.15,27.34,11.3,42.25,11.3,11.3,89.97,116.0
2025-08-31 22:15:00,129.42,129.42,129.42,105.16,85.35,74.9,105.16,105.16,105.16,105.16,105.16,129.42,87.13,87.13,27.34,11.3,42.25,11.3,11.3,87.13,105.16
2025-08-31 22:30:00,159.37,159.37,159.37,92.48,75.88,75.88,92.48,92.48,92.48,92.48,92.48,159.37,81.99,86.99,27.34,10.19,42.25,10.19,10.19,81.99,92.48
2025-08-31 22:45:00,146.71,146.71,146.71,80.89,75.64,75.64,80.89,80.89,80.89,80.89,80.89,146.71,80.89,80.89,27.34,3.64,42.25,3.64,3.64,37.69,37.69
2025-08-31 23:00:00,107.13,107.13,107.13,101.73,101.73,75.5,101.73,101.73,107.13,101.73,101.73,107.13,76.99,80.11,26.24,11.61,76.99,11.61,11.61,76.99,101.73
2025-08-31 23:15:00,105.33,105.33,105.33,88.01,88.01,75.5,88.01,88.01,105.33,88.01,88.01,105.33,75.4,80.11,26.24,11.6,75.4,11.6,11.6,68.05,88.01
2025-08-31 23:30:00,77.48,77.48,77.48,77.48,67.15,67.15,77.48,77.48,77.48,77.48,77.48,77.48,75.4,77.48,26.24,11.6,75.4,11.6,11.6,46.62,77.48
2025-08-31 23:45:00,59.45,59.45,59.45,59.45,59.45,59.45,59.45,59.45,59.45,56.46,99.96,92.2,75.4,80.11,26.24,9.21,75.4,9.21,9.21,20.84,49.04
2025-09-01 12:00:00,73.63,73.63,73.63,61.13,73.63,73.63,73.63,73.63,70.01,73.63,73.63,73.63,73.63,73.63,11.27,11.27,59.68,73.63,73.63,73.63,73.63
2025-09-01 12:15:00,72.76,68.0,68.0,43.97,6.8,6.8,68.0,68.0,75.04,68.0,68.0,72.76,68.0,68.0,11.27,11.27,59.68,68.0,68.0,68.0,68.0
2025-09-01 12:30:00,71.91,59.94,59.94,45.56,45.23,45.23,59.94,59.94,87.95,59.94,59.94,71.91,59.94,59.94,11.27,11.27,59.94,59.94,59.94,59.94,59.94
2025-09-01 12:45:00,70.24,48.42,48.42,23.25,34.49,34.49,48.42,48.42,80.42,48.42,48.42,70.24,48.42,48.42,11.27,11.27,48.42,48.42,48.42,48.42,48.42
2025-09-01 13:00:00,66.59,52.74,52.74,29.97,0.65,0.65,52.74,53.56,74.98,53.56,52.74,66.59,53.56,53.56,12.85,30.01,53.56,30.01,30.01,52.74,52.74
2025-09-01 13:15:00,71.91,48.01,48.01,23.62,26.33,26.33,48.01,48.01,74.99,48.01,48.01,71.91,48.01,48.01,12.85,34.43,48.01,34.43,48.01,48.01,48.01
2025-09-01 13:30:00,69.71,43.06,43.06,23.43,0.65,0.65,43.06,43.06,101.52,43.06,43.06,69.71,43.06,43.06,12.85,34.43,43.06,34.43,43.06,43.06,43.06
2025-09-01 13:45:00,69.47,34.51,34.51,16.41,-37.0,0.65,34.51,45.34,106.4,34.51,34.51,69.47,34.51,34.51,12.85,31.16,34.51,31.16,34.51,34.51,34.51
2025-09-01 14:00:00,56.72,40.84,40.84,18.93,0.0,0.0,40.84,30.01,82.16,40.84,40.84,56.72,40.84,40.84,15.01,15.01,40.84,16.95,30.13,40.84,40.84
2025-09-01 14:15:00,69.29,46.0,46.0,36.73,-5.22,0.0,46.0,46.0,96.25,46.0,46.0,69.29,46.0,46.0,14.96,14.96,46.0,16.95,30.13,46.0,46.0
2025-09-01 14:30:00,52.0,52.0,52.0,52.0,-30.63,0.0,52.0,52.0,100.41,52.0,52.0,52.0,52.0,52.0,5.01,5.01,52.0,16.95,30.13,52.0,52.0
2025-09-01 14:45:00,60.0,60.0,60.0,60.0,-34.35,0.0,60.0,60.0,102.25,60.0,60.0,60.0,60.0,60.0,4.36,4.36,60.0,16.95,25.7,60.0,60.0
2025-09-01 15:00:00,52.01,52.01,52.01,52.01,-80.45,22.6,52.01,18.13,64.56,52.01,52.01,52.01,54.45,54.45,16.1,16.1,54.45,16.95,16.95,52.01,52.01
2025-09-01 15:15:00,67.76,67.76,67.76,67.76,-59.55,0.0,67.76,30.88,67.76,67.76,67.76,67.76,65.32,65.32,16.05,16.05,65.32,16.95,16.95,65.07,67.76
2025-09-01 15:30:00,76.0,76.0,76.0,76.0,0.0,0.0,76.0,40.96,94.91,76.0,76.0,76.0,76.0,76.0,15.95,15.95,76.0,17.1,17.1,65.05,76.0
2025-09-01 15:45:00,88.28,88.28,88.28,88.28,0.0,0.0,88.28,53.79,94.91,88.28,88.28,88.28,85.91,88.28,15.8,15.8,64.16,17.1,17.1,85.91,88.28
2025-09-01 16:00:00,74.32,74.32,74.32,67.87,32.5,32.5,67.87,32.5,67.87,67.87,67.87,74.32,67.87,67.87,16.95,16.95,67.87,16.95,16.95,24.4,67.87
2025-09-01 16:15:00,97.22,97.22,97.22,78.4,18.1,18.1,78.4,18.1,84.55,78.4,78.4,97.22,75.0,78.4,16.95,16.95,75.0,16.95,16.95,44.37,78.4
2025-09-01 16:30:00,91.99,91.99,91.99,91.99,49.59,15.64,91.99,49.59,103.63,91.99,91.99,91.99,65.94,89.13,16.95,16.95,65.94,16.95,16.95,65.94,91.99
2025-09-01 16:45:00,137.24,137.24,137.24,113.67,45.8,26.6,113.67,45.8,113.67,113.67,113.67,137.24,67.87,77.39,16.95,16.95,67.87,16.95,16.95,64.45,113.67
2025-09-01 17:00:00,87.9,87.9,87.9,84.0,-0.01,-0.01,84.0,73.1,87.9,84.0,84.0,87.9,73.1,73.1,20.99,17.0,73.1,16.95,17.0,45.56,57.03
2025-09-01 17:15:00,122.34,122.34,122.34,95.4,19.24,-0.62,95.4,80.5,99.02,95.4,95.4,122.34,76.1,80.5,20.99,17.01,76.1,16.95,17.01,48.43,95.4
2025-09-01 17:30:00,126.79,126.79,126.79,120.0,84.4,42.26,120.0,108.46,126.79,120.0,120.0,126.79,75.01,82.76,20.99,17.01,74.47,16.95,17.01,64.44,120.0
2025-09-01 17:45:00,145.28,145.28,145.28,142.53,118.5,40.09,142.53,121.55,142.53,142.53,142.53,145.28,77.65,82.76,20.99,17.01,74.53,16.95,17.01,80.46,142.53
2025-09-01 18:00:00,156.94,156.94,156.94,75.21,-1.84,-15.0,103.37,82.06,156.94,103.37,103.37,156.94,80.0,80.0,16.95,16.95,77.84,16.95,16.95,56.64,103.37
2025-09-01 18:15:00,194.36,194.36,194.36,94.57,-0.49,-0.49,118.16,89.89,194.36,118.16,118.16,194.36,83.01,89.89,16.94,16.94,77.37,16.94,16.94,75.99,118.16
2025-09-01 18:30:00,215.43,215.43,215.43,156.34,121.66,43.61,156.34,131.78,215.43,156.34,156.34,215.43,87.0,131.78,17.19,14.74,77.37,14.74,14.74,76.16,156.34
2025-09-01 18:45:00,225.51,225.51,225.51,199.01,158.27,87.35,211.06,163.2,225.51,211.06,211.06,225.51,87.0,133.79,17.19,14.67,77.37,14.67,14.67,76.24,202.09
2025-09-01 19:00:00,214.04,214.04,214.04,192.99,60.85,28.33,192.99,146.72,244.94,192.99,192.99,200.66,89.5,101.84,13.45,13.1,79.5,13.1,13.1,128.4,192.99
2025-09-01 19:15:00,238.04,238.04,238.04,238.04,107.33,44.52,238.04,166.33,275.93,238.04,238.04,200.66,89.5,112.04,13.45,10.01,79.5,10.01,10.01,113.1,238.04
2025-09-01 19:30:00,248.44,248.44,248.44,285.26,170.0,70.96,285.26,204.72,285.26,285.26,285.26,201.32,88.5,112.04,17.79,7.68,79.5,7.68,7.68,113.05,248.44
2025-09-01 19:45:00,225.52,225.52,225.52,304.71,176.62,88.32,304.71,245.0,304.71,304.71,304.71,200.33,88.5,112.04,17.79,7.21,79.5,7.21,7.21,113.25,225.52
2025-09-01 20:00:00,236.97,236.97,236.97,263.71,245.0,55.0,263.71,263.71,263.71,263.71,263.71,200.62,90.26,90.83,12.31,12.31,78.33,12.31,12.31,97.75,236.97
2025-09-01 20:15:00,196.86,196.86,196.86,219.0,144.12,84.52,219.0,219.0,253.84,219.0,219.0,196.86,89.0,111.69,12.3,12.3,78.33,12.3,12.3,97.25,196.86
2025-09-01 20:30:00,196.85,196.85,196.85,211.2,89.47,89.47,211.2,154.65,238.77,211.2,211.2,196.85,89.0,111.69,15.99,12.3,78.33,12.3,12.3,97.1,196.85
2025-09-01 20:45:00,155.41,155.41,155.41,165.01,95.01,95.01,155.41,134.24,228.32,155.41,155.41,155.41,87.5,108.01,15.99,4.15,78.33,4.15,4.15,96.75,155.41
2025-09-01 21:00:00,158.87,158.87,158.87,158.87,149.89,92.31,149.89,149.89,158.87,149.89,149.89,148.32,87.89,110.55,15.44,10.9,77.38,10.9,10.9,80.47,149.89
2025-09-01 21:15:00,136.5,136.5,136.5,126.13,115.61,91.91,126.13,126.13,136.5,126.13,126.13,136.5,86.5,103.19,15.44,5.63,77.38,5.63,5.63,77.11,126.13
2025-09-01 21:30:00,115.35,115.35,115.35,115.35,87.95,87.95,115.35,108.61,115.35,115.35,115.35,115.35,86.5,100.35,15.44,5.39,77.38,5.39,5.39,62.12,115.35
2025-09-01 21:45:00,103.73,103.73,103.73,103.73,65.75,65.75,103.73,101.86,103.73,103.73,103.73,103.73,86.5,100.35,15.44,5.09,77.38,5.09,5.09,61.7,76.0
2025-09-01 22:00:00,117.89,117.89,117.89,117.89,117.89,85.99,117.89,117.89,120.88,117.89,117.89,117.89,78.65,78.65,14.25,9.05,72.89,9.05,9.05,78.65,117.89
2025-09-01 22:15:00,102.7,102.7,102.7,110.0,80.25,75.89,110.0,110.0,110.0,110.0,110.0,92.31,78.06,78.06,14.25,5.6,72.89,5.6,5.6,54.05,102.7
2025-09-01 22:30:00,62.04,62.04,62.04,104.44,85.8,85.8,104.44,104.44,105.31,104.44,104.44,62.04,78.02,78.02,14.25,5.6,72.89,5.6,5.6,44.85,62.04
2025-09-01 22:45:00,55.03,55.03,55.03,94.36,83.9,71.32,94.36,83.9,101.98,94.36,94.36,55.03,79.01,79.01,14.25,5.5,72.89,5.5,5.5,31.03,55.03
2025-09-01 23:00:00,64.44,64.44,64.44,105.58,88.28,88.28,105.58,105.58,105.58,105.58,105.58,64.31,73.64,73.64,14.1,5.57,61.98,5.57,5.57,64.44,64.44
2025-09-01 23:15:00,48.0,48.0,48.0,97.0,86.19,86.19,97.0,86.19,97.0,97.0,97.0,48.0,77.32,85.15,14.1,5.62,61.98,5.62,5.62,46.94,48.0
2025-09-01 23:30:00,42.64,42.64,42.64,90.09,83.53,83.53,90.09,83.53,90.09,90.09,90.09,16.21,77.32,83.53,14.1,5.62,61.98,5.62,5.62,42.64,42.64
2025-09-01 23:45:00,53.57,53.57,53.57,80.38,67.0,67.0,80.38,67.0,80.38,80.38,100.32,4.11,73.63,73.63,14.1,4.11,61.98,4.11,4.11,33.7,87.37
2025-09-02 12:00:00,82.52,82.52,82.52,81.5,3.09,-42.94,72.0,3.09,79.01,72.0,82.52,82.52,72.0,72.0,12.45,3.45,63.19,11.28,11.28,59.64,82.52
2025-09-02 12:15:00,82.52,82.52,82.52,77.5,-10.0,-39.5,63.01,-10.0,84.09,63.01,82.52,82.52,71.5,63.01,10.91,3.43,63.01,10.91,10.91,59.95,82.52
2025-09-02 12:30:00,82.52,82.52,82.52,73.5,-13.77,-30.62,56.07,-13.77,88.04,56.07,82.52,82.52,73.36,56.07,10.85,3.47,56.07,11.1,11.1,56.07,82.52
2025-09-02 12:45:00,82.52,82.52,82.52,71.5,-16.63,-38.5,47.99,-16.63,99.65,47.99,82.52,82.52,65.86,47.99,9.26,3.67,47.99,15.0,15.0,55.4,82.52
2025-09-02 13:00:00,82.18,82.18,82.18,71.49,1.72,-20.62,67.8,1.72,103.06,67.8,82.18,66.01,72.01,67.8,4.87,5.0,64.51,10.01,12.37,60.39,82.18
2025-09-02 13:15:00,70.13,70.13,70.13,68.5,-11.92,-22.19,60.1,-11.92,104.23,60.1,70.13,70.13,75.96,60.1,4.83,5.0,60.1,10.01,15.0,55.53,70.13
2025-09-02 13:30:00,60.08,60.08,60.08,66.5,-15.0,-31.39,53.76,-15.0,104.26,55.53,60.08,57.76,69.46,53.76,4.87,5.01,53.76,10.01,15.01,55.53,60.08
2025-09-02 13:45:00,75.37,75.37,75.37,57.5,-16.24,-31.89,48.0,-16.24,120.18,55.39,75.37,47.91,69.46,48.0,4.85,10.04,48.0,10.04,20.5,55.39,75.37
2025-09-02 14:00:00,66.0,66.0,66.0,62.5,14.15,-33.75,57.06,14.15,93.04,57.06,66.0,66.0,68.41,57.06,12.7,12.7,57.06,10.09,15.0,47.14,66.0
2025-09-02 14:15:00,66.0,66.0,66.0,64.5,25.63,-32.35,60.33,25.63,89.83,60.33,66.0,66.0,75.41,60.33,13.48,12.71,60.33,10.09,15.0,47.14,66.0
2025-09-02 14:30:00,62.11,62.11,62.11,72.18,30.16,-25.62,62.11,30.16,133.05,62.11,62.11,62.11,75.41,62.11,15.27,15.27,62.11,10.09,15.27,47.14,62.11
2025-09-02 14:45:00,66.0,66.0,66.0,71.2,34.06,-34.79,64.35,34.06,156.82,64.35,66.0,66.0,75.41,64.35,16.25,16.25,64.35,10.09,16.25,47.14,66.0
2025-09-02 15:00:00,66.03,66.03,66.03,60.64,-4.76,-19.68,60.64,-4.76,128.24,60.64,66.03,44.45,69.76,60.64,15.0,15.0,60.64,15.0,15.0,42.59,66.03
2025-09-02 15:15:00,66.04,66.04,66.04,64.78,19.7,-18.5,64.78,19.7,127.85,64.78,66.04,44.45,76.76,64.78,15.2,15.2,64.78,15.2,15.2,42.68,66.04
2025-09-02 15:30:00,88.27,88.27,88.27,80.9,67.66,-15.63,75.99,67.66,141.08,75.99,88.27,44.45,75.99,75.99,15.33,15.33,67.33,15.33,15.33,42.68,88.27
2025-09-02 15:45:00,92.9,92.9,92.9,91.54,77.39,-18.49,78.07,77.39,134.71,78.07,92.9,44.45,77.39,77.39,15.31,15.31,67.33,15.31,20.1,42.68,92.9
2025-09-02 16:00:00,73.67,73.67,73.67,64.82,27.77,-1.51,65.75,27.77,111.42,65.75,73.67,49.49,65.75,65.75,17.13,17.13,65.75,10.09,13.09,58.76,73.67
2025-09-02 16:15:00,74.14,74.14,74.14,74.14,58.59,0.0,71.99,58.59,119.74,71.99,74.14,59.55,71.99,71.99,17.13,17.13,68.51,10.09,15.01,58.78,74.14
2025-09-02 16:30:00,94.0,94.0,94.0,90.06,85.12,0.0,85.53,85.12,120.86,85.53,94.0,59.55,80.2,85.12,17.38,18.88,68.51,18.88,18.88,58.78,94.0
2025-09-02 16:45:00,102.74,102.74,102.74,97.0,85.24,1.51,102.74,85.24,164.32,102.74,112.23,59.55,78.31,85.24,17.38,20.01,68.51,20.01,20.01,58.78,112.23
2025-09-02 17:00:00,113.34,113.34,113.34,88.1,4.44,4.44,57.69,57.69,113.34,57.69,103.85,90.75,63.21,63.21,24.31,13.81,63.21,13.81,13.81,57.69,103.85
2025-09-02 17:15:00,94.83,94.83,94.83,96.66,31.19,31.19,79.99,79.99,94.83,79.99,94.83,94.83,74.47,74.47,24.31,13.95,74.47,13.95,13.95,74.47,94.83
2025-09-02 17:30:00,157.36,157.36,157.36,107.68,73.62,73.62,107.68,93.1,157.36,107.68,157.36,100.88,88.98,93.1,24.31,13.96,72.74,13.96,13.96,86.62,157.36
2025-09-02 17:45:00,177.1,177.1,177.1,124.39,81.55,81.55,124.39,121.21,177.1,124.39,177.1,103.13,98.02,121.21,24.31,13.98,73.74,13.98,13.98,98.02,177.1
2025-09-02 18:00:00,142.76,142.76,142.76,99.34,10.0,0.01,88.3,80.91,142.76,88.3,142.76,115.77,80.91,80.91,19.69,13.95,80.91,13.95,13.95,88.3,142.76
2025-09-02 18:15:00,168.46,168.46,168.46,106.71,13.64,12.9,104.89,91.46,168.46,104.89,168.46,86.64,91.46,91.46,19.69,13.95,78.96,13.95,13.95,104.89,168.46
2025-09-02 18:30:00,196.12,196.12,196.12,161.48,37.83,37.83,147.66,133.12,196.12,147.66,196.12,134.09,90.16,97.08,19.69,13.95,78.96,13.95,13.95,147.66,196.12
2025-09-02 18:45:00,238.88,238.88,238.88,237.67,117.09,69.33,237.67,202.5,238.88,237.67,238.88,132.02,90.16,99.48,19.69,13.95,78.96,13.95,13.95,237.67,238.88
2025-09-02 19:00:00,201.62,201.62,201.62,299.34,29.0,29.0,201.62,126.59,299.34,201.62,201.62,107.26,90.69,102.41,20.48,12.23,80.08,10.6,12.23,201.62,201.62
2025-09-02 19:15:00,243.71,243.71,243.71,300.01,50.94,50.94,298.41,137.0,300.01,298.41,298.41,105.08,90.69,102.41,20.48,11.68,80.08,10.7,11.68,240.06,298.41
2025-09-02 19:30:00,186.38,186.38,186.38,324.27,96.28,96.28,324.27,223.01,312.91,324.27,324.27,78.39,90.69,102.41,20.48,11.71,80.08,10.7,11.71,240.06,324.27
2025-09-02 19:45:00,222.2,222.2,222.2,343.25,114.0,114.0,343.25,303.08,343.25,343.25,343.25,90.3,90.69,102.41,20.48,11.7,80.08,10.7,11.7,240.07,343.25
2025-09-02 20:00:00,222.21,222.21,222.21,354.98,63.73,63.73,354.98,189.85,306.7,354.98,354.98,67.08,90.87,102.4,17.48,10.0,80.06,10.0,10.0,201.09,354.98
2025-09-02 20:15:00,215.04,215.04,215.04,261.68,42.33,42.33,256.71,155.39,261.68,256.71,256.71,66.74,90.87,102.4,17.48,9.61,80.06,9.61,9.61,201.07,256.71
2025-09-02 20:30:00,193.54,193.54,193.54,232.94,60.24,60.24,196.76,141.64,232.94,196.76,196.76,66.44,90.87,102.4,17.48,9.59,80.06,9.59,9.59,196.76,196.76
2025-09-02 20:45:00,114.72,114.72,114.72,220.72,42.72,42.72,141.61,106.48,220.72,141.61,141.61,49.75,90.87,101.4,17.35,9.59,80.06,9.59,9.59,141.61,141.61
2025-09-02 21:00:00,152.12,152.12,152.12,152.12,126.51,86.68,152.12,126.51,152.12,152.12,152.12,53.63,89.15,96.49,17.47,10.0,77.11,10.0,10.0,112.08,152.12
2025-09-02 21:15:00,135.82,135.82,135.82,128.8,77.91,77.91,128.8,98.28,136.16,128.8,135.82,53.63,89.15,96.49,17.47,10.0,77.11,10.0,10.0,112.01,135.82
2025-09-02 21:30:00,115.51,115.51,115.51,115.51,70.99,20.1,115.51,89.16,115.51,115.51,115.51,49.51,89.16,89.16,17.48,10.0,77.11,10.0,10.0,89.16,115.51
2025-09-02 21:45:00,101.06,101.06,101.06,101.06,-75.41,-75.41,101.06,78.22,101.06,101.06,101.06,37.71,78.22,78.22,17.47,9.53,78.22,9.53,9.53,78.22,101.06
2025-09-02 22:00:00,116.01,116.01,116.01,116.01,105.51,49.98,116.01,105.51,116.01,116.01,116.01,10.01,85.27,88.49,15.27,11.21,71.97,10.01,11.21,85.27,116.01
2025-09-02 22:15:00,109.3,109.3,109.3,110.09,86.34,-3.6,109.3,86.34,109.3,109.3,109.3,10.01,85.0,86.34,15.27,11.4,71.97,10.01,11.4,85.0,109.3
2025-09-02 22:30:00,97.86,97.86,97.86,97.86,82.99,73.67,97.86,82.99,97.86,97.86,97.86,10.01,82.99,82.99,10.85,10.85,71.97,10.01,10.85,55.41,97.86
2025-09-02 22:45:00,89.21,89.21,89.21,82.82,70.52,19.95,79.0,70.52,89.21,79.0,79.0,10.01,70.52,70.52,10.85,10.85,70.52,10.01,10.85,55.41,79.0
2025-09-02 23:00:00,109.95,109.95,109.95,109.95,105.11,59.1,109.95,105.11,109.95,109.95,109.95,8.3,78.0,82.4,9.83,9.52,62.79,8.3,8.3,78.0,109.95
2025-09-02 23:15:00,102.88,102.88,102.88,102.88,88.34,8.06,102.88,88.34,102.88,102.88,102.88,8.3,77.99,82.4,9.75,9.52,62.79,8.3,8.3,77.99,102.88
2025-09-02 23:30:00,89.23,89.23,89.23,89.23,75.25,-18.27,89.23,75.25,89.23,89.23,89.23,7.0,75.25,75.25,9.85,9.52,62.79,7.0,7.0,64.08,89.23
2025-09-02 23:45:00,84.25,84.25,84.25,73.63,43.7,-23.48,73.63,43.7,84.25,73.63,90.03,6.85,77.99,77.99,9.8,9.52,62.79,6.85,6.85,63.22,90.03
2025-09-03 12:00:00,21.45,21.45,21.45,21.45,-3.21,-3.21,-3.21,5.2,148.15,5.2,21.45,5.2,21.45,5.2,5.2,5.2,5.2,5.2,5.2,21.45,21.45
2025-09-03 12:15:00,-7.11,-7.11,-7.11,1.65,-8.45,-5.11,-8.45,-7.11,145.98,-7.11,-7.11,-7.11,-7.11,-7.11,-7.11,-7.11,-7.11,-7.11,-7.11,-7.11,-7.11
2025-09-03 12:30:00,-5.33,-5.33,-5.33,-5.33,-9.91,-5.01,-9.91,-9.91,139.86,-9.91,-5.33,-5.33,-5.33,-9.91,-5.33,-5.33,-9.91,-5.33,-5.33,-5.33,-5.33
2025-09-03 12:45:00,-5.01,-5.01,-5.01,-5.01,-14.37,-3.02,-9.89,-8.41,150.53,-8.41,-5.01,-5.01,-5.01,-8.41,-5.01,-5.01,-8.41,-5.01,-5.01,-5.01,-5.01
2025-09-03 13:00:00,-0.01,-0.01,-0.01,9.72,-5.02,-5.02,-14.82,-1.04,144.11,-1.04,-1.04,-5.0,-1.04,-1.04,-1.04,-5.0,-1.04,-5.0,-1.04,-1.04,-1.04
2025-09-03 13:15:00,-0.01,-0.01,-0.01,-4.08,-5.12,-5.12,-7.0,-4.08,149.39,-4.08,-4.08,-5.0,-4.08,-4.08,-4.08,-5.0,-4.08,-5.0,-4.08,-4.08,-4.08
2025-09-03 13:30:00,-0.01,-0.01,-0.01,-3.32,-7.04,-9.51,-7.04,-7.04,146.95,-7.04,-3.32,-5.0,-3.32,-3.32,-3.32,-5.0,-3.32,-5.0,-3.32,-3.32,-3.32
2025-09-03 13:45:00,3.28,3.28,3.28,3.28,-8.01,-10.0,-8.01,-8.01,139.55,-8.01,3.28,-5.0,3.28,3.28,3.28,-5.0,3.28,-5.0,3.28,3.28,3.28
2025-09-03 14:00:00,18.58,18.58,18.58,-5.01,-5.01,-7.86,-15.71,-5.01,150.9,-5.01,-5.01,-5.01,-5.01,-5.01,-2.56,-5.01,-2.56,-5.01,-5.01,-5.01,-5.01
2025-09-03 14:15:00,27.86,27.86,27.86,-5.01,-5.01,-8.8,-8.37,-5.01,110.42,-5.01,-5.01,-5.01,-5.01,-5.01,-5.01,-5.01,-5.01,-5.01,-5.01,-5.01,-5.01
2025-09-03 14:30:00,41.65,41.65,41.65,11.59,-1.81,-9.92,-8.1,-1.81,112.69,6.5,6.5,-5.01,6.5,6.5,6.5,-5.01,6.5,-5.01,6.5,6.5,6.5
2025-09-03 14:45:00,46.49,46.49,46.49,11.55,1.69,-5.12,-5.74,7.3,118.6,7.92,7.92,-5.01,7.92,7.92,7.92,-5.01,7.92,-5.01,7.92,7.92,7.92
2025-09-03 15:00:00,11.61,11.61,11.61,11.61,-9.91,-9.91,-9.91,-6.32,145.24,-6.32,-6.32,-5.01,11.61,11.61,11.61,-1.38,11.61,-5.01,11.61,11.61,11.61
2025-09-03 15:15:00,20.98,20.98,20.98,20.98,-4.07,-4.07,-5.41,1.67,158.58,1.67,13.72,-5.01,13.72,1.67,1.67,0.1,1.67,-5.01,13.72,13.72,13.72
2025-09-03 15:30:00,47.09,47.09,47.09,47.09,-3.02,-3.02,-7.03,-3.02,153.85,14.4,31.42,-5.01,14.4,14.4,14.11,-5.01,14.4,-5.01,14.4,14.4,31.42
2025-09-03 15:45:00,63.1,63.1,63.1,85.8,-3.0,-3.0,-1.99,3.67,137.53,14.05,46.07,-5.01,16.36,14.05,14.05,-1.43,14.05,-5.01,16.36,16.36,46.07
2025-09-03 16:00:00,46.49,46.49,46.49,63.3,-3.02,-3.02,-19.09,-3.02,130.47,-3.02,20.49,-5.01,20.49,-3.02,-0.38,-0.38,-3.02,-5.01,20.49,20.49,20.49
2025-09-03 16:15:00,52.75,52.75,52.75,65.0,-2.0,-2.0,-12.58,-2.0,114.54,-2.0,27.07,-5.01,27.07,-2.0,2.45,2.45,-2.0,-5.01,22.67,27.07,27.07
2025-09-03 16:30:00,59.01,59.01,59.01,85.22,2.01,2.01,3.0,8.09,154.73,8.09,44.16,-5.01,43.34,8.09,8.09,-5.01,8.09,-5.01,24.35,31.85,44.16
2025-09-03 16:45:00,64.1,64.1,64.1,92.0,1.0,1.0,27.83,43.0,201.88,43.0,61.76,-5.01,43.0,43.0,11.0,-1.28,43.0,-5.01,27.7,43.0,61.76
2025-09-03 17:00:00,146.17,146.17,146.17,85.1,-58.69,-150.07,11.06,11.06,146.17,11.06,11.06,-8.01,11.06,11.06,11.06,11.06,11.06,-8.01,11.06,11.06,11.06
2025-09-03 17:15:00,146.18,146.18,146.18,84.78,-50.0,-254.47,42.0,42.0,146.18,42.0,42.0,-8.01,42.0,42.0,42.0,21.86,42.0,-8.01,16.19,38.13,42.0
2025-09-03 17:30:00,201.99,201.99,201.99,85.0,0.65,0.65,71.53,71.53,201.99,71.53,71.53,-8.01,51.01,71.53,38.35,23.15,51.01,-8.01,16.19,38.7,71.53
2025-09-03 17:45:00,197.45,197.45,197.45,106.0,1.92,1.72,93.68,104.56,197.45,83.4,93.68,1.99,51.01,83.4,38.35,19.14,51.01,1.99,16.19,52.12,93.68
2025-09-03 18:00:00,151.84,151.84,151.84,90.0,-112.16,-112.16,57.28,57.28,151.84,57.28,57.28,-8.01,57.28,57.28,28.92,15.1,57.28,-8.01,28.92,42.18,57.28
2025-09-03 18:15:00,157.0,157.0,157.0,92.78,39.03,0.65,80.32,80.32,157.0,80.32,80.32,-2.98,80.32,80.32,22.32,-2.98,80.32,-2.98,22.32,47.69,80.32
2025-09-03 18:30:00,202.05,202.05,202.05,106.95,99.29,12.2,99.29,99.29,202.05,81.2,99.29,-6.95,81.2,81.2,15.61,4.15,81.2,-6.95,15.61,42.17,99.29
2025-09-03 18:45:00,269.6,269.6,269.6,118.27,118.27,33.15,118.27,118.27,269.6,81.34,127.47,-0.42,81.34,81.34,15.7,4.2,81.34,-0.42,15.7,53.9,127.47
2025-09-03 19:00:00,302.36,302.36,302.36,130.66,80.22,-1.0,89.41,80.22,302.36,80.22,80.22,-0.38,80.22,80.22,20.61,0.1,61.63,-0.38,20.61,72.14,80.22
2025-09-03 19:15:00,315.01,315.01,315.01,133.08,83.7,15.9,98.15,83.7,315.01,83.7,98.15,-0.39,83.7,83.7,17.75,4.36,61.63,-0.39,17.75,66.79,98.15
2025-09-03 19:30:00,333.41,333.41,333.41,132.66,84.23,30.0,107.0,84.23,333.41,84.23,107.0,-0.42,84.23,84.23,4.21,4.21,61.63,-0.42,4.21,53.62,107.0
2025-09-03 19:45:00,381.23,381.23,381.23,138.11,112.65,22.3,112.65,112.65,381.23,86.95,112.65,-0.42,86.95,86.95,4.21,4.21,61.63,-0.42,4.21,51.7,112.65
2025-09-03 20:00:00,292.36,292.36,292.36,125.45,100.76,22.11,108.99,100.76,292.36,72.86,74.17,-0.42,67.81,72.86,41.75,8.04,61.29,-0.42,8.04,65.14,74.17
2025-09-03 20:15:00,295.5,295.5,295.5,119.5,76.95,-18.83,103.0,76.95,295.5,76.95,76.95,-0.42,67.81,76.95,41.75,4.16,61.29,-0.42,-0.42,62.47,76.95
2025-09-03 20:30:00,258.68,258.68,258.68,110.51,77.24,36.78,95.01,77.24,258.68,72.84,72.84,-0.42,67.81,72.84,8.0,4.09,61.29,-0.42,4.09,54.4,72.84
2025-09-03 20:45:00,253.46,253.46,253.46,107.54,72.31,37.54,84.01,72.31,253.46,72.31,72.31,-0.42,67.81,72.31,8.0,4.09,61.29,-0.42,4.09,46.75,72.31
2025-09-03 21:00:00,252.21,252.21,252.21,105.0,93.4,73.29,103.99,113.74,252.21,58.4,96.95,3.9,58.4,58.4,12.5,3.9,58.4,3.9,3.9,58.4,96.95
2025-09-03 21:15:00,208.01,208.01,208.01,110.0,74.6,26.38,94.01,101.85,208.01,58.08,90.52,-0.42,58.08,58.08,12.5,-0.42,58.08,-0.42,-0.42,58.08,90.52
2025-09-03 21:30:00,148.86,148.86,148.86,94.99,10.0,7.11,78.01,77.06,148.86,47.68,47.68,-0.42,57.83,57.83,12.5,-0.42,57.83,-0.42,-0.42,44.34,47.68
2025-09-03 21:45:00,117.56,117.56,117.56,90.01,10.0,-47.58,67.01,67.0,117.56,30.86,47.67,-0.42,57.88,57.88,6.35,-0.42,57.88,-0.42,-0.42,43.81,47.67
2025-09-03 22:00:00,117.85,117.85,117.85,114.45,10.0,31.17,88.63,96.4,117.85,24.49,75.18,2.71,60.8,60.8,13.99,2.71,54.54,2.71,2.71,50.04,75.18
2025-09-03 22:15:00,123.08,123.08,123.08,111.92,10.0,-105.16,76.23,77.6,123.08,24.96,68.71,-2.97,60.8,60.8,13.92,-2.97,54.54,-2.97,-2.97,30.82,68.71
2025-09-03 22:30:00,107.99,107.99,107.99,94.98,10.0,90.8,64.45,65.0,107.99,7.26,44.63,-2.97,58.55,58.55,12.1,-2.97,54.54,-2.97,-2.97,21.8,44.63
2025-09-03 22:45:00,117.86,117.86,117.86,88.02,-44.18,44.39,54.06,59.97,117.86,2.9,43.86,-0.42,54.06,54.06,6.0,-0.42,54.06,-0.42,-0.42,14.9,43.86
2025-09-03 23:00:00,109.69,109.69,109.69,108.0,31.0,68.99,63.57,63.57,109.69,51.6,51.6,2.72,46.3,63.57,3.8,3.8,46.3,2.72,3.8,34.81,51.6
2025-09-03 23:15:00,80.01,80.01,80.01,103.66,-20.0,-3.38,56.22,56.22,109.67,23.7,23.7,3.24,46.3,56.22,3.24,3.24,46.3,3.24,3.24,21.19,23.7
2025-09-03 23:30:00,55.72,55.72,55.72,88.5,-20.0,21.82,45.01,45.01,97.24,7.68,7.68,3.44,45.01,45.01,4.63,3.44,45.01,3.44,3.44,7.68,7.68
2025-09-03 23:45:00,37.15,37.15,37.15,85.09,-23.87,-64.64,22.12,48.4,94.48,20.47,21.19,2.71,46.3,46.3,4.37,4.37,46.3,2.71,4.37,21.19,21.19
